state,UER,Youth_Ratio,Enrolments,Updates,State_Classification
100000,0.0091324200913242,0.0045662100456621,218.0,2.0,GREEN: Enrolment Van
Andaman & Nicobar Islands,18.870782726045885,0.820400359874044,114.0,3443.0,YELLOW: Hybrid Center
Andaman and Nicobar Islands,56.006724927502,0.9913625687254787,397.0,24501.0,RED: Express Update Hub
Andhra Pradesh,41.0308589245252,0.9743107881577825,127681.0,6010097.0,YELLOW: Hybrid Center
Arunachal Pradesh,32.647039618493395,0.9083629286863198,4344.0,108837.0,YELLOW: Hybrid Center
Assam,10.596160228360992,0.8894722659902009,230197.0,1995300.0,GREEN: Enrolment Van
BALANAGAR,2.0,,0.0,2.0,GREEN: Enrolment Van
Bihar,16.032366148861197,0.982339918343439,609585.0,9711937.0,YELLOW: Hybrid Center
Chandigarh,25.830883253705746,0.8682010290334436,2723.0,157843.0,YELLOW: Hybrid Center
Chhatisgarh,9.0,,0.0,9.0,GREEN: Enrolment Van
Chhattisgarh,50.85711899723352,0.9823570064314782,103219.0,4654163.0,RED: Express Update Hub
Dadra & Nagar Haveli,30.307692307692307,0.9615384615384616,25.0,788.0,YELLOW: Hybrid Center
Dadra and Nagar Haveli,44.65503355704698,0.9932885906040269,744.0,33268.0,YELLOW: Hybrid Center
Dadra and Nagar Haveli and Daman and Diu,30.987705585409543,0.8417450333821853,173.0,6272.0,YELLOW: Hybrid Center
Daman & Diu,129.45,0.9115384615384616,21.0,2829.0,RED: Express Update Hub
Daman and Diu,68.75612052730696,0.9835889157923057,120.0,8315.0,RED: Express Update Hub
Darbhanga,2.0,,0.0,2.0,GREEN: Enrolment Van
Delhi,25.790309512956036,0.937171366885833,94529.0,2743296.0,YELLOW: Hybrid Center
Goa,24.66469442117734,0.8421345869900416,2333.0,103517.0,YELLOW: Hybrid Center
Gujarat,16.977308598816492,0.936576410329159,280549.0,5020841.0,YELLOW: Hybrid Center
Haryana,28.225163468323167,0.9703391839014756,98252.0,2801594.0,YELLOW: Hybrid Center
Himachal Pradesh,30.18346073505859,0.966296872227481,17486.0,545448.0,YELLOW: Hybrid Center
Jaipur,2.0,,0.0,2.0,GREEN: Enrolment Van
Jammu & Kashmir,4.381772486772487,0.7657010582010582,155.0,855.0,GREEN: Enrolment Van
Jammu And Kashmir,0.0,0.9578786830602811,950.0,0.0,GREEN: Enrolment Van
Jammu and Kashmir,20.877305015335384,0.9691486998537058,47991.0,1197994.0,YELLOW: Hybrid Center
Jharkhand,22.17494435936241,0.9828419284401418,157539.0,3427486.0,YELLOW: Hybrid Center
Karnataka,19.371328052424257,0.9684337693780366,223235.0,4331239.0,YELLOW: Hybrid Center
Kerala,31.768905288214526,0.9678999520813305,75002.0,2354682.0,YELLOW: Hybrid Center
Ladakh,29.58351041566052,0.9442673621172607,617.0,11498.0,YELLOW: Hybrid Center
Lakshadweep,29.392156862745097,0.9901960784313726,203.0,5996.0,YELLOW: Hybrid Center
Madanapalle,2.0,,0.0,2.0,GREEN: Enrolment Van
Madhya Pradesh,18.890050843444662,0.978504571441503,493970.0,8836709.0,YELLOW: Hybrid Center
Maharashtra,44.761091858064574,0.9621876964238368,369139.0,14280741.0,YELLOW: Hybrid Center
Manipur,45.0169287962337,0.9759298593462148,13456.0,584136.0,YELLOW: Hybrid Center
Meghalaya,1.8038578455100605,0.6651584016540347,109771.0,175004.0,GREEN: Enrolment Van
Mizoram,35.533559778106984,0.8076328140996879,5926.0,162235.0,YELLOW: Hybrid Center
Nagaland,12.781138818623115,0.8947308152569712,15587.0,146384.0,GREEN: Enrolment Van
Nagpur,1.0,,0.0,1.0,GREEN: Enrolment Van
ODISHA,42.0,0.5,1.0,84.0,YELLOW: Hybrid Center
Odisha,25.384495173994573,0.9727883607772535,118837.0,3486064.0,YELLOW: Hybrid Center
Orissa,11.301487976553286,0.9087486878092554,4149.0,90841.0,GREEN: Enrolment Van
Pondicherry,15.57774992487045,0.9853021115505448,1272.0,35046.0,YELLOW: Hybrid Center
Puducherry,31.565687998948903,0.8920467267841876,1745.0,67625.0,YELLOW: Hybrid Center
Punjab,40.87322048516295,0.9704719584916723,76746.0,2621566.0,YELLOW: Hybrid Center
Puttenahalli,1.0,,0.0,1.0,GREEN: Enrolment Van
Raja Annamalai Puram,1.0,,0.0,1.0,GREEN: Enrolment Van
Rajasthan,76.94161510860746,0.9379235098343617,348458.0,6812570.0,RED: Express Update Hub
Sikkim,20.136636788701882,0.8619982821020591,2207.0,43160.0,YELLOW: Hybrid Center
Tamil Nadu,27.025471808682518,0.9586702251679684,220789.0,6910345.0,YELLOW: Hybrid Center
Tamilnadu,1.0,,0.0,1.0,GREEN: Enrolment Van
Telangana,33.25123123148037,0.9826087254515489,131574.0,3367562.0,YELLOW: Hybrid Center
The Dadra And Nagar Haveli And Daman And Diu,0.0,0.9609483960948396,716.0,0.0,GREEN: Enrolment Van
Tripura,35.803120870196295,0.9648322784157758,11285.0,430168.0,YELLOW: Hybrid Center
Uttar Pradesh,17.243369420713865,0.9748233753047486,1018629.0,18120063.0,YELLOW: Hybrid Center
Uttarakhand,31.768238477480615,0.9921350704324728,37698.0,1228400.0,YELLOW: Hybrid Center
Uttaranchal,1.75,,0.0,7.0,GREEN: Enrolment Van
WEST BENGAL,20.0,0.8,4.0,108.0,YELLOW: Hybrid Center
WESTBENGAL,34.5,0.5,1.0,69.0,YELLOW: Hybrid Center
West  Bengal,8.4375,0.9375,15.0,135.0,GREEN: Enrolment Van
West Bangal,15.38095238095238,0.8285714285714285,10.0,211.0,YELLOW: Hybrid Center
West Bengal,12.947954492601657,0.900653446043222,375297.0,6396620.0,GREEN: Enrolment Van
West Bengli,3.0,,0.0,3.0,GREEN: Enrolment Van
West bengal,9.166666666666666,0.875,7.0,80.0,GREEN: Enrolment Van
Westbengal,12.857142857142858,0.8571428571428571,6.0,114.0,GREEN: Enrolment Van
andhra pradesh,16.0,0.65,5.0,118.0,YELLOW: Hybrid Center
odisha,36.0,,0.0,36.0,YELLOW: Hybrid Center
west Bengal,16.0,,0.0,16.0,YELLOW: Hybrid Center
